team_name,common_name,season,country,average_attendance_overall,average_attendance_home,average_attendance_away,minutes_per_goal_scored_overall,minutes_per_goal_scored_home,minutes_per_goal_scored_away,minutes_per_goal_conceded_overall,minutes_per_goal_conceded_home,minutes_per_goal_conceded_away,highest_goals_scored_home,highest_goals_scored_away,highest_goals_conceded_home,highest_goals_conceded_away,half_time_points_overall,half_time_points_home,half_time_points_away,corners_recorded_matches_num_overall,corners_recorded_matches_num_home,cornersRecorded_matches_away,corners_total_per_match_overall,corners_total_per_match_home,corners_total_per_match_away,corners_against_overall,corners_against_home,corners_against_away,corners_against_per_match_overall,corners_against_per_match_home,corners_against_per_match_away,over65_corners_num_overall,over75_corners_num_overall,over85_corners_num_overall,over95_corners_num_overall,over105_corners_num_overall,over115_corners_num_overall,over125_corners_num_overall,over135_corners_num_overall,over145_corners_num_overall,over65_corners_num_home,over75_corners_num_home,over85_corners_num_home,over95_corners_num_home,over105_corners_num_home,over115_corners_num_home,over125_corners_num_home,over135_corners_num_home,over145_corners_num_home,over65_corners_percentage_home,over75_corners_percentage_home,over85_corners_percentage_home,over95_corners_percentage_home,over105_corners_percentage_home,over115_corners_percentage_home,over125_corners_percentage_home,over135_corners_percentage_home,over145_corners_percentage_home,over65_corners_num_away,over75_corners_num_away,over85_corners_num_away,over95_corners_num_away,over105_corners_num_away,over115_corners_num_away,over125_corners_num_away,over135_corners_num_away,over145_corners_num_away,over65_corners_percentage_away,over75_corners_percentage_away,over85_corners_percentage_away,over95_corners_percentage_away,over105_corners_percentage_away,over115_corners_percentage_away,over125_corners_percentage_away,over135_corners_percentage_away,over145_corners_percentage_away,over25_corners_for_overall,over35_corners_for_overall,over45_corners_for_overall,over55_corners_for_overall,over65_corners_for_overall,over75_corners_for_overall,over85_corners_for_overall,over25_corners_for_percentage_overall,over35_corners_for_percentage_overall,over45_corners_for_percentage_overall,over55_corners_for_percentage_overall,over65_corners_for_percentage_overall,over75_corners_for_percentage_overall,over85_corners_for_percentage_overall,over25_corners_for_home,over35_corners_for_home,over45_corners_for_home,over55_corners_for_home,over65_corners_for_home,over75_corners_for_home,over85_corners_for_home,over25_corners_for_percentage_home,over35_corners_for_percentage_home,over45_corners_for_percentage_home,over55_corners_for_percentage_home,over65_corners_for_percentage_home,over75_corners_for_percentage_home,over85_corners_for_percentage_home,over25_corners_for_away,over35_corners_for_away,over45_corners_for_away,over55_corners_for_away,over65_corners_for_away,over75_corners_for_away,over85_corners_for_away,over25_corners_for_percentage_away,over35_corners_for_percentage_away,over45_corners_for_percentage_away,over55_corners_for_percentage_away,over65_corners_for_percentage_away,over75_corners_for_percentage_away,over85_corners_for_percentage_away,over25_corners_against_overall,over35_corners_against_overall,over45_corners_against_overall,over55_corners_against_overall,over65_corners_against_overall,over75_corners_against_overall,over85_corners_against_overall,over25_corners_against_percentage_overall,over35_corners_against_percentage_overall,over45_corners_against_percentage_overall,over55_corners_against_percentage_overall,over65_corners_against_percentage_overall,over75_corners_against_percentage_overall,over85_corners_against_percentage_overall,over25_corners_against_home,over35_corners_against_home,over45_corners_against_home,over55_corners_against_home,over65_corners_against_home,over75_corners_against_home,over85_corners_against_home,over25_corners_against_percentage_home,over35_corners_against_percentage_home,over45_corners_against_percentage_home,over55_corners_against_percentage_home,over65_corners_against_percentage_home,over75_corners_against_percentage_home,over85_corners_against_percentage_home,over25_corners_against_away,over35_corners_against_away,over45_corners_against_away,over55_corners_against_away,over65_corners_against_away,over75_corners_against_away,over85_corners_against_away,over25_corners_against_percentage_away,over35_corners_against_percentage_away,over45_corners_against_percentage_away,over55_corners_against_percentage_away,over65_corners_against_percentage_away,over75_corners_against_percentage_away,over85_corners_against_percentage_away,cornerTimingRecorded_matches_overall,cornerTimingRecorded_matches_home,cornerTimingRecorded_matches_away,corners_total_fh_overall,corners_total_fh_home,corners_total_fh_away,corners_total_2h_overall,corners_total_2h_home,corners_total_2h_away,corners_total_per_match_fh_overall,corners_total_per_match_fh_home,corners_total_per_match_fh_away,corners_total_per_match_2h_overall,corners_total_per_match_2h_home,corners_total_per_match_2h_away,corners_total_fh_over4_overall,corners_total_fh_over5_overall,corners_total_fh_over6_overall,corners_total_2h_over4_overall,corners_total_2h_over5_overall,corners_total_2h_over6_overall,over05_cards_total_overall,over15_cards_total_overall,over25_cards_total_overall,over35_cards_total_overall,over45_cards_total_overall,over55_cards_total_overall,over65_cards_total_overall,over75_cards_total_overall,over85_cards_total_overall,over05_cards_total_percentage_overall,over15_cards_total_percentage_overall,over25_cards_total_percentage_overall,over35_cards_total_percentage_overall,over45_cards_total_percentage_overall,over55_cards_total_percentage_overall,over65_cards_total_percentage_overall,over75_cards_total_percentage_overall,over85_cards_total_percentage_overall,over05_cards_total_home,over15_cards_total_home,over25_cards_total_home,over35_cards_total_home,over45_cards_total_home,over55_cards_total_home,over65_cards_total_home,over75_cards_total_home,over85_cards_total_home,over05_cards_total_percentage_home,over15_cards_total_percentage_home,over25_cards_total_percentage_home,over35_cards_total_percentage_home,over45_cards_total_percentage_home,over55_cards_total_percentage_home,over65_cards_total_percentage_home,over75_cards_total_percentage_home,over85_cards_total_percentage_home,over05_cards_total_away,over15_cards_total_away,over25_cards_total_away,over35_cards_total_away,over45_cards_total_away,over55_cards_total_away,over65_cards_total_away,over75_cards_total_away,over85_cards_total_away,over05_cards_total_percentage_away,over15_cards_total_percentage_away,over25_cards_total_percentage_away,over35_cards_total_percentage_away,over45_cards_total_percentage_away,over55_cards_total_percentage_away,over65_cards_total_percentage_away,over75_cards_total_percentage_away,over85_cards_total_percentage_away,over05_cards_for_overall,over15_cards_for_overall,over25_cards_for_overall,over35_cards_for_overall,over45_cards_for_overall,over55_cards_for_overall,over65_cards_for_overall,over05_cards_for_percentage_overall,over15_cards_for_percentage_overall,over25_cards_for_percentage_overall,over35_cards_for_percentage_overall,over45_cards_for_percentage_overall,over55_cards_for_percentage_overall,over65_cards_for_percentage_overall,over05_cards_for_home,over15_cards_for_home,over25_cards_for_home,over35_cards_for_home,over45_cards_for_home,over55_cards_for_home,over65_cards_for_home,over05_cards_for_percentage_home,over15_cards_for_percentage_home,over25_cards_for_percentage_home,over35_cards_for_percentage_home,over45_cards_for_percentage_home,over55_cards_for_percentage_home,over65_cards_for_percentage_home,over05_cards_for_away,over15_cards_for_away,over25_cards_for_away,over35_cards_for_away,over45_cards_for_away,over55_cards_for_away,over65_cards_for_away,over05_cards_for_percentage_away,over15_cards_for_percentage_away,over25_cards_for_percentage_away,over35_cards_for_percentage_away,over45_cards_for_percentage_away,over55_cards_for_percentage_away,over65_cards_for_percentage_away,over05_cards_against_overall,over15_cards_against_overall,over25_cards_against_overall,over35_cards_against_overall,over45_cards_against_overall,over55_cards_against_overall,over65_cards_against_overall,over05_cards_against_percentage_overall,over15_cards_against_percentage_overall,over25_cards_against_percentage_overall,over35_cards_against_percentage_overall,over45_cards_against_percentage_overall,over55_cards_against_percentage_overall,over65_cards_against_percentage_overall,over05_cards_against_home,over15_cards_against_home,over25_cards_against_home,over35_cards_against_home,over45_cards_against_home,over55_cards_against_home,over65_cards_against_home,over05_cards_against_percentage_home,over15_cards_against_percentage_home,over25_cards_against_percentage_home,over35_cards_against_percentage_home,over45_cards_against_percentage_home,over55_cards_against_percentage_home,over65_cards_against_percentage_home,over05_cards_against_away,over15_cards_against_away,over25_cards_against_away,over35_cards_against_away,over45_cards_against_away,over55_cards_against_away,over65_cards_against_away,over05_cards_against_percentage_away,over15_cards_against_percentage_away,over25_cards_against_percentage_away,over35_cards_against_percentage_away,over45_cards_against_percentage_away,over55_cards_against_percentage_away,over65_cards_against_percentage_away,firstGoalScoredPercentage_overall,firstGoalScoredPercentage_home,firstGoalScoredPercentage_away,shots_per_match_overall,shots_per_match_home,shots_per_match_away,shots_on_target_per_match_overall,shots_on_target_per_match_home,shots_on_target_per_match_away,shots_off_target_per_match_overall,shots_off_target_per_match_home,shots_off_target_per_match_away,fouls_by_this_team_overall,fouls_by_this_team_home,fouls_by_this_team_away,fouls_per_match_overall,fouls_per_match_home,fouls_per_match_away,offsides_total_overall,offsides_total_home,offsides_total_away,offsides_this_team_overall,offsides_this_team_home,offsides_this_team_away,offsidesRecorded_matches_overall,offsidesRecorded_matches_home,offsidesRecorded_matches_away,offsides_total_per_match_overall,offsides_total_per_match_home,offsides_total_per_match_away,offsides_this_team_per_match_overall,offsides_this_team_per_match_home,offsides_this_team_per_match_away,offsides_total_over05_overall,offsides_total_over15_overall,offsides_total_over25_overall,offsides_total_over35_overall,offsides_total_over45_overall,scoredBothHalves_overall,scoredBothHalves_home,scoredBothHalves_away,scoredBothHalvesPercentage_overall,scoredBothHalvesPercentage_home,scoredBothHalvesPercentage_away,BTTS_both_halves_overall,BTTS_both_halves_home,BTTS_both_halves_away,BTTS_and_win_overall,BTTS_and_win_home,BTTS_and_win_away,BTTS_and_win_percentage_overall,BTTS_and_win_percentage_home,BTTS_and_win_percentage_away,BTTS_and_draw_overall,BTTS_and_draw_home,BTTS_and_draw_away,BTTS_and_draw_percentage_overall,BTTS_and_draw_percentage_home,BTTS_and_draw_percentage_away,BTTS_and_lose_overall,BTTS_and_lose_home,BTTS_and_lose_away,BTTS_and_lose_percentage_overall,BTTS_and_lose_percentage_home,BTTS_and_lose_percentage_away,matches_goal_timings_recorded_overall,matches_goal_timings_recorded_home,matches_goal_timings_recorded_away,total_goals_2h_overall,total_goals_2h_home,total_goals_2h_away,average_total_goals_2h_per_match_overall,average_total_goals_2h_per_match_home,average_total_goals_2h_per_match_away,goals_scored_2h_overall,goals_scored_2h_home,goals_scored_2h_away,goals_scored_2h_per_match_overall,goals_scored_2h_per_match_home,goals_scored_2h_per_match_away,goals_conceded_2h_overall,goals_conceded_2h_home,goals_conceded_2h_away,goals_conceded_2h_per_match_overall,goals_conceded_2h_per_match_home,goals_conceded_2h_per_match_away,over05_2hg_matches_overall,over15_2hg_matches_overall,over25_2hg_matches_overall,over05_2hg_percentage_overall,over15_2hg_percentage_overall,over25_2hg_percentage_overall,points_2h_overall,points_2h_home,points_2h_away,ppg_2h_overall,ppg_2h_home,ppg_2h_away,wins_2h_overall,wins_2h_home,wins_2h_away,wins_2h_percentage_overall,wins_2h_percentage_home,wins_2h_percentage_away,draws_2h_overall,draws_2h_home,draws_2h_away,losses_2h_overall,losses_2h_home,losses_2h_away,btts_2h_overall,btts_2h_home,btts_2h_away,btts_2h_percentage_overall,btts_2h_percentage_home,btts_2h_percentage_away,clean_sheets_2h_overall,clean_sheets_2h_home,clean_sheets_2h_away,failed_to_score_2h_overall,failed_to_score_2h_home,failed_to_score_2h_away
Santos FC Sao Paulo,Santos,2023,Brazil,11976,11225,13477,87,66,132,54,61,48,4,2,3,7,35,23,12,38,19,19,10.61,10.69,10.53,218,105,113,5.74,5.53,5.95,35,30,23,18,16,14,13,9,8,16,14,11,9,7,7,7,5,5,84,74,57,47,37,37,37,26,26,19,16,12,9,9,7,6,4,3,100,84,63,47,47,37,32,21,16,29,24,21,13,8,7,5,76,63,55,34,21,18,13,14,12,11,6,6,6,4,74,63,57,32,32,32,21,15,12,10,7,2,1,1,79,63,53,37,11,5,5,35,31,21,17,10,9,7,92,82,55,45,26,24,18,17,15,9,8,5,4,3,89,79,47,42,26,21,16,18,16,12,9,5,5,4,95,84,63,47,26,26,21,37,19,18,216,112,104,169,89,80,5.84,5.89,5.78,4.57,4.68,4.44,22,19,16,18,12,5,38,38,35,29,29,19,16,0,0,100,100,92,76,76,50,42,0,0,19,19,18,16,16,10,7,0,0,100,100,95,84,84,53,37,0,0,19,19,17,13,13,9,9,0,0,100,100,89,68,68,47,47,0,0,37,31,20,12,8,5,2,97,82,53,32,21,13,5,18,17,11,7,5,3,2,95,89,57,37,26,16,11,19,14,9,5,3,2,0,100,74,47,26,16,11,0,36,31,22,14,8,5,0,95,82,57,37,21,13,0,18,16,12,7,2,1,0,95,84,63,37,11,5,0,18,15,10,7,6,4,0,95,79,53,37,32,21,0,18,26,11,10.71,12.32,9.11,5.05,5.89,4.21,5.66,6.42,4.89,572,295,277,15.05,15.53,14.58,128,57,71,67,31,36,37,19,18,3.46,3.00,3.94,1.81,1.63,2.00,37,30,24,16,11,9,7,2,24,37,11,3,3,0,8,5,3,21,26,16,5,3,2,13,16,11,6,3,3,16,16,16,38,19,19,56,25,31,1.47,1.32,1.63,22,12,10,0.58,0.63,0.53,34,13,21,0.89,0.68,1.11,29,16,9,76,42,24,44,24,20,1.16,1.26,1.05,10,5,5,26,26,26,14,9,5,14,5,9,12,7,5,32,37,26,17,10,7,18,8,10
CR Flamengo,Flamengo,2023,Brazil,50571,53538,44636,61,66,57,81,107,66,3,4,3,4,58,29,29,38,19,19,10.58,10.69,10.48,195,79,116,5.13,4.16,6.11,35,31,29,20,14,11,11,10,7,18,16,15,10,7,6,6,6,4,95,84,79,53,37,32,32,32,21,17,15,14,10,7,5,5,4,3,89,79,74,53,37,26,26,21,16,29,26,24,21,15,10,4,76,68,63,55,39,26,11,17,16,15,13,9,7,3,89,84,79,68,47,37,16,12,10,9,8,6,3,1,63,53,47,42,32,16,5,27,23,17,16,12,8,5,71,61,45,42,32,21,13,11,9,8,7,5,2,1,57,47,42,37,26,11,5,16,14,9,9,7,6,4,84,74,47,47,37,32,21,37,19,18,190,97,93,201,106,95,5.14,5.11,5.17,5.43,5.58,5.28,21,14,9,22,17,14,37,36,32,27,22,18,12,0,0,97,95,84,71,57,47,32,0,0,19,18,16,13,12,10,6,0,0,100,95,84,68,63,53,32,0,0,18,18,16,14,10,8,6,0,0,95,95,84,74,53,42,32,0,0,32,27,20,10,4,2,1,84,71,53,26,11,5,3,16,13,8,5,1,1,0,84,68,42,26,5,5,0,16,14,12,5,3,1,1,84,74,63,26,16,5,5,35,31,22,12,7,4,2,92,82,57,32,18,11,5,18,16,12,8,4,2,0,95,84,63,42,21,11,0,17,15,10,4,3,2,2,89,79,53,21,16,11,11,61,63,58,10.97,12.11,9.84,5.87,6.58,5.16,5.11,5.53,4.68,479,247,232,12.61,13,12.21,125,70,55,50,31,19,36,19,17,3.47,3.68,3.24,1.39,1.63,1.12,36,33,22,15,8,11,5,6,28,26,32,2,0,2,7,1,6,18,5,32,6,4,2,16,21,11,5,2,3,13,11,16,38,19,19,54,24,30,1.42,1.26,1.58,28,15,13,0.74,0.79,0.68,26,9,17,0.68,0.47,0.89,32,15,6,84,39,16,60,36,24,1.58,1.89,1.26,17,11,6,45,57,32,9,3,6,12,5,7,7,2,5,18,11,26,21,12,9,16,7,9
Cruzeiro EC,Cruzeiro,2023,Brazil,44235,44235,0,98,122,81,107,101,114,3,4,2,3,52,22,30,38,19,19,10.53,11.37,9.68,161,68,93,4.24,3.58,4.89,33,30,25,22,19,13,10,8,6,17,15,13,11,11,9,8,6,5,89,79,68,57,57,47,42,32,26,16,15,12,11,8,4,2,2,1,84,79,63,57,42,21,11,11,5,33,31,27,19,15,13,9,87,82,71,50,39,34,24,17,16,15,14,12,11,7,89,84,79,74,63,57,37,16,15,12,5,3,2,2,84,79,63,26,16,11,11,28,22,17,10,7,3,1,74,57,45,26,18,8,3,13,9,6,2,2,1,0,68,47,32,11,11,5,0,15,13,11,8,5,2,1,79,68,57,42,26,11,5,37,18,19,163,90,73,225,114,111,4.41,5.00,3.84,6.08,6.33,5.84,13,12,9,25,19,15,38,38,36,31,28,21,15,0,0,100,100,95,82,74,55,39,0,0,19,19,18,15,12,10,8,0,0,100,100,95,79,63,53,42,0,0,19,19,18,16,16,11,7,0,0,100,100,95,84,84,57,37,0,0,37,27,22,11,6,3,0,97,71,57,28,16,8,0,19,11,9,6,5,3,0,100,57,47,32,26,16,0,18,16,13,5,1,0,0,95,84,68,26,5,0,0,37,32,24,16,8,4,3,97,84,63,42,21,11,8,19,17,12,7,4,1,1,100,89,63,37,21,5,5,18,15,12,9,4,3,2,95,79,63,47,21,16,11,39,32,47,12.18,13.63,10.74,5.39,5.37,5.42,6.79,8.26,5.32,570,268,302,15,14.11,15.89,183,87,96,70,32,38,37,18,19,4.95,4.83,5.05,1.89,1.78,2.00,37,37,28,24,18,6,2,4,16,11,21,1,0,1,1,1,0,3,5,0,8,5,3,21,26,16,2,1,1,5,5,5,38,19,19,37,14,23,0.97,0.74,1.21,19,7,12,0.50,0.37,0.63,18,7,11,0.47,0.37,0.58,24,10,3,63,26,8,44,21,23,1.16,1.11,1.21,9,3,6,24,16,32,17,12,5,12,4,8,5,3,2,13,16,11,23,12,11,24,13,11
Botafogo FR,Botafogo,2023,Brazil,37532,37532,0,59,48,78,93,101,86,4,3,4,3,57,35,22,38,19,19,9.90,10.32,9.47,202,91,111,5.32,4.79,5.84,35,32,26,19,13,9,7,3,2,18,17,14,11,7,4,3,3,2,95,89,74,57,37,21,16,16,11,17,15,12,8,6,5,4,0,0,89,79,63,42,32,26,21,0,0,27,22,17,14,12,4,2,71,57,45,37,32,11,5,17,15,11,10,8,2,1,89,79,57,53,42,11,5,10,7,6,4,4,2,1,53,37,32,21,21,11,5,33,25,21,18,11,7,5,87,66,55,47,28,18,13,16,10,9,8,5,3,2,84,53,47,42,26,16,11,17,15,12,10,6,4,3,89,79,63,53,32,21,16,38,19,19,172,91,81,203,105,98,4.53,4.79,4.26,5.34,5.53,5.16,15,9,8,24,16,9,38,38,35,27,23,18,13,0,0,100,100,92,71,61,47,34,0,0,19,19,17,15,13,9,7,0,0,100,100,89,79,68,47,37,0,0,19,19,18,12,10,9,6,0,0,100,100,95,63,53,47,32,0,0,37,29,17,11,5,2,1,97,76,45,28,13,5,3,18,13,8,6,3,1,1,95,68,42,32,16,5,5,19,16,9,5,2,1,0,100,84,47,26,11,5,0,37,31,20,10,5,2,0,97,82,53,26,13,5,0,19,17,13,4,3,0,0,100,89,68,21,16,0,0,18,14,7,6,2,2,0,95,74,37,32,11,11,0,58,74,42,11.76,14.68,8.84,5.74,7.26,4.21,6.03,7.42,4.63,510,265,245,13.42,13.95,12.89,130,64,66,40,17,23,35,17,18,3.71,3.76,3.67,1.14,1.00,1.28,35,32,29,20,9,12,8,4,32,42,21,1,1,0,6,3,3,16,16,16,7,3,4,18,16,21,5,3,2,13,16,11,38,19,19,50,29,21,1.32,1.53,1.11,30,19,11,0.79,1.00,0.58,20,10,10,0.53,0.53,0.53,30,12,6,79,32,16,63,38,25,1.66,2.00,1.32,18,12,6,47,63,32,9,2,7,11,5,6,5,1,4,13,5,21,25,14,11,16,6,10
Grêmio FB Porto Alegrense,Grêmio,2023,Brazil,35011,38418,21385,54,50,59,61,107,43,5,4,3,4,47,32,15,38,19,19,11.29,11.52,11.06,227,111,116,5.97,5.84,6.11,36,35,34,30,25,17,11,7,4,19,18,18,16,15,9,6,3,1,100,95,95,84,79,47,32,16,5,17,17,16,14,10,8,5,4,3,89,89,84,74,53,42,26,21,16,33,28,22,16,11,6,5,87,74,57,42,28,16,13,17,14,11,9,5,5,4,89,74,57,47,26,26,21,16,14,11,7,6,1,1,84,74,57,37,32,5,5,33,30,28,22,17,10,6,87,79,74,57,45,26,16,15,14,13,10,9,7,3,79,74,68,53,47,37,16,18,16,15,12,8,3,3,95,84,79,63,42,16,16,36,17,19,184,89,95,219,105,114,5.11,5.24,5.00,6.08,6.18,6.00,20,12,11,28,23,16,38,38,34,28,25,22,16,0,0,100,100,89,74,66,57,42,0,0,19,19,19,15,14,13,12,0,0,100,100,100,79,74,68,63,0,0,19,19,15,13,11,9,4,0,0,100,100,79,68,57,47,21,0,0,37,35,20,9,4,1,0,97,92,53,24,11,3,0,18,18,12,4,2,0,0,95,95,63,21,11,0,0,19,17,8,5,2,1,0,100,89,42,26,11,5,0,35,27,22,16,8,6,1,92,71,57,42,21,16,3,19,15,13,10,4,3,1,100,79,68,53,21,16,5,16,12,9,6,4,3,0,84,63,47,32,21,16,0,45,58,32,11.58,12.47,10.68,6.13,6.37,5.89,5.45,6.11,4.79,477,236,241,12.55,12.42,12.68,108,57,51,60,32,28,34,18,16,3.18,3.17,3.19,1.76,1.78,1.75,34,31,17,12,8,14,6,8,37,32,42,5,1,4,14,7,7,37,37,37,4,1,3,11,5,16,4,1,3,11,5,16,38,19,19,64,26,38,1.68,1.37,2.00,36,19,17,0.95,1.00,0.89,28,7,21,0.74,0.37,1.11,30,20,9,79,53,24,59,33,26,1.55,1.74,1.37,15,8,7,39,42,37,14,9,5,9,2,7,11,3,8,28,16,42,19,14,5,16,9,7
Fluminense FC,Fluminense,2023,Brazil,41315,40128,42502,67,52,95,73,95,59,5,3,3,4,40,26,14,38,19,19,10.84,10.37,11.31,203,73,130,5.34,3.84,6.84,36,32,25,23,18,14,11,7,6,18,16,12,11,7,5,3,3,3,95,84,63,57,37,26,16,16,16,18,16,13,12,11,9,8,4,3,95,84,68,63,57,47,42,21,16,32,25,22,20,15,8,6,84,66,57,53,39,21,16,18,15,15,14,10,5,4,95,79,79,74,53,26,21,14,10,7,6,5,3,2,74,53,37,32,26,16,11,29,25,22,17,14,7,5,76,66,57,45,37,18,13,12,9,7,5,3,2,1,63,47,37,26,16,11,5,17,16,15,12,11,5,4,89,84,79,63,57,26,21,36,18,18,172,77,95,217,107,110,4.78,4.28,5.28,6.03,5.94,6.11,16,11,9,22,21,14,38,38,37,33,29,22,15,0,0,100,100,97,87,76,57,39,0,0,19,19,18,17,15,14,9,0,0,100,100,95,89,79,74,47,0,0,19,19,19,16,14,8,6,0,0,100,100,100,84,74,42,32,0,0,38,34,25,14,9,8,3,100,89,66,37,24,21,8,19,18,14,9,7,6,2,100,95,74,47,37,32,11,19,16,11,5,2,2,1,100,84,57,26,11,11,5,36,31,21,9,5,3,2,95,82,55,24,13,8,5,18,16,11,5,3,3,2,95,84,57,26,16,16,11,18,15,10,4,2,0,0,95,79,53,21,11,0,0,42,58,26,12.82,14.26,11.37,6.68,7.53,5.84,6.13,6.74,5.53,500,275,225,13.16,14.47,11.84,137,66,71,76,41,35,36,17,19,3.81,3.88,3.74,2.11,2.41,1.84,36,34,30,21,12,11,7,4,28,37,21,4,2,2,6,6,0,16,32,0,6,3,3,16,16,16,4,1,3,11,5,16,38,19,19,54,26,28,1.42,1.37,1.47,32,20,12,0.84,1.05,0.63,22,6,16,0.58,0.32,0.84,28,15,7,74,39,18,62,40,22,1.63,2.11,1.16,16,11,5,42,57,26,14,7,7,8,1,7,9,5,4,24,26,21,23,13,10,16,5,11
São Paulo FC,São Paulo,2023,Brazil,36850,39359,32667,86,59,155,90,132,68,4,1,2,5,49,31,18,38,19,19,10.05,10.79,9.32,168,81,87,4.42,4.26,4.58,34,28,25,21,15,12,10,7,3,18,14,13,11,10,9,7,5,3,95,74,68,57,53,47,37,26,16,16,14,12,10,5,3,3,2,0,84,74,63,53,26,16,16,11,0,36,30,20,15,12,10,8,95,79,53,39,32,26,21,19,16,11,9,8,8,7,100,84,57,47,42,42,37,17,14,9,6,4,2,1,89,74,47,32,21,11,5,32,23,16,11,7,4,3,84,61,42,28,18,11,8,15,10,7,4,4,3,3,79,53,37,21,21,16,16,17,13,9,7,3,1,0,89,68,47,37,16,5,0,37,19,18,174,89,85,190,115,75,4.70,4.68,4.72,5.14,6.05,4.17,19,14,7,19,15,12,38,38,36,34,27,19,15,0,0,100,100,95,89,71,50,39,0,0,19,19,18,17,12,8,6,0,0,100,100,95,89,63,42,32,0,0,19,19,18,17,15,11,9,0,0,100,100,95,89,79,57,47,0,0,35,28,21,13,8,3,1,92,74,55,34,21,8,3,16,13,9,5,3,1,0,84,68,47,26,16,5,0,19,15,12,8,5,2,1,100,79,63,42,26,11,5,36,33,24,16,6,3,1,95,87,63,42,16,8,3,18,17,13,8,3,1,0,95,89,68,42,16,5,0,18,16,11,8,3,2,1,95,84,57,42,16,11,5,39,53,26,11.63,13.58,9.68,5.61,6.79,4.42,6.03,6.79,5.26,524,275,249,13.79,14.47,13.11,131,71,60,76,46,30,34,18,16,3.85,3.94,3.75,2.24,2.56,1.88,34,32,24,16,11,6,6,0,16,32,0,1,1,0,6,6,0,16,32,0,4,0,4,11,0,21,7,1,6,18,5,32,38,19,19,39,21,18,1.03,1.11,0.95,21,16,5,0.55,0.84,0.26,18,5,13,0.47,0.26,0.68,23,11,5,61,28,13,52,37,15,1.37,1.95,0.79,12,10,2,32,53,11,16,7,9,10,2,8,6,3,3,16,16,16,25,14,11,22,8,14
SE Palmeiras,Palmeiras,2023,Brazil,37756,37536,37865,54,49,59,103,143,81,5,5,2,3,63,35,28,38,19,19,9.87,10.11,9.63,133,56,77,3.50,2.95,4.05,35,30,24,17,15,8,7,4,3,17,15,11,8,8,5,4,3,3,89,79,57,42,42,26,21,16,16,18,15,13,9,7,3,3,1,0,95,79,68,47,37,16,16,5,0,35,32,25,22,15,10,8,92,84,66,57,39,26,21,18,17,14,13,9,6,6,95,89,74,68,47,32,32,17,15,11,9,6,4,2,89,79,57,47,32,21,11,24,16,10,7,4,2,1,63,42,26,18,11,5,3,10,6,4,2,1,0,0,53,32,21,11,5,0,0,14,10,6,5,3,2,1,74,53,32,26,16,11,5,36,17,19,157,80,77,195,89,106,4.36,4.71,4.05,5.42,5.24,5.58,14,8,5,21,16,10,38,38,36,34,30,21,14,0,0,100,100,95,89,79,55,37,0,0,19,19,19,18,16,9,6,0,0,100,100,100,95,84,47,32,0,0,19,19,17,16,14,12,8,0,0,100,100,89,84,74,63,42,0,0,37,28,18,7,4,3,0,97,74,47,18,11,8,0,18,14,7,2,1,1,0,95,74,37,11,5,5,0,19,14,11,5,3,2,0,100,74,57,26,16,11,0,38,34,30,19,6,3,1,100,89,79,50,16,8,3,19,19,18,9,3,1,0,100,100,95,47,16,5,0,19,15,12,10,3,2,1,100,79,63,53,16,11,5,66,89,42,13.82,16.32,11.32,6.58,7.63,5.53,7.24,8.68,5.79,572,274,298,15.05,14.42,15.68,147,78,69,99,50,49,36,19,17,4.08,4.11,4.06,2.75,2.63,2.88,36,34,29,18,11,13,7,6,34,37,32,0,0,0,7,5,2,18,26,11,7,2,5,18,11,26,3,1,2,8,5,11,38,19,19,50,23,27,1.32,1.21,1.42,35,17,18,0.92,0.89,0.95,15,6,9,0.39,0.32,0.47,29,14,5,76,37,13,63,33,30,1.66,1.74,1.58,17,9,8,45,47,42,12,6,6,9,4,5,5,2,3,13,11,16,25,13,12,17,8,9
CA Mineiro,Atlético Mineiro,2023,Brazil,34096,32602,37085,66,61,71,107,107,107,3,4,2,4,63,35,28,38,19,19,10.34,9.21,11.47,205,83,122,5.39,4.37,6.42,33,30,24,20,17,11,8,7,5,15,13,10,7,6,4,3,2,1,79,68,53,37,32,21,16,11,5,18,17,14,13,11,7,5,5,4,95,89,74,68,57,37,26,26,21,30,25,20,15,12,6,4,79,66,53,39,32,16,11,14,10,9,7,6,3,3,74,53,47,37,32,16,16,16,15,11,8,6,3,1,84,79,57,42,32,16,5,33,23,20,14,12,7,7,87,61,53,37,32,18,18,15,10,8,5,5,1,1,79,53,42,26,26,5,5,18,13,12,9,7,6,6,95,68,63,47,37,32,32,38,19,19,174,79,95,217,95,122,4.58,4.16,5.00,5.71,5.00,6.42,17,12,9,25,21,12,38,38,37,34,28,19,11,0,0,100,100,97,89,74,50,28,0,0,19,19,18,16,14,7,4,0,0,100,100,95,84,74,37,21,0,0,19,19,19,18,14,12,7,0,0,100,100,100,95,74,63,37,0,0,37,36,26,11,6,3,1,97,95,68,28,16,8,3,18,18,11,3,2,1,0,95,95,57,16,11,5,0,19,18,15,8,4,2,1,100,95,79,42,21,11,5,38,31,21,9,8,4,0,100,82,55,24,21,11,0,19,16,9,3,2,0,0,100,84,47,16,11,0,0,19,15,12,6,6,4,0,100,79,63,32,32,21,0,66,84,47,11,11.68,10.32,5.61,5.68,5.53,5.39,6.00,4.79,595,301,294,15.66,15.84,15.47,119,59,60,62,31,31,36,18,18,3.31,3.28,3.33,1.72,1.72,1.72,36,29,22,16,9,12,6,6,32,32,32,0,0,0,6,4,2,16,21,11,7,3,4,18,16,21,5,3,2,13,16,11,38,19,19,48,26,22,1.26,1.37,1.16,29,15,14,0.76,0.79,0.74,19,11,8,0.50,0.58,0.42,28,16,4,74,42,11,59,30,29,1.55,1.58,1.53,15,8,7,39,42,37,14,6,8,9,5,4,7,4,3,18,21,16,24,11,13,17,8,9
CA Paranaense,Atlético PR,2023,Brazil,21293,16210,26376,67,52,95,80,90,71,3,3,3,3,52,31,21,38,19,19,10.58,11.42,9.74,185,90,95,4.87,4.74,5.00,32,30,26,22,17,14,10,8,7,17,16,14,12,10,9,6,5,5,89,84,74,63,53,47,32,26,26,15,14,12,10,7,5,4,3,2,79,74,63,53,37,26,21,16,11,32,26,23,16,13,8,6,84,68,61,42,34,21,16,17,16,14,10,8,5,4,89,84,74,53,42,26,21,15,10,9,6,5,3,2,79,53,47,32,26,16,11,29,25,21,15,12,6,2,76,66,55,39,32,16,5,15,12,12,7,6,2,0,79,63,63,37,32,11,0,14,13,9,8,6,4,2,74,68,47,42,32,21,11,36,17,19,187,97,90,188,94,94,5.19,5.71,4.74,5.22,5.53,4.95,20,15,10,18,13,12,38,36,36,33,32,26,12,0,0,100,95,95,87,84,68,32,0,0,19,17,17,16,15,11,5,0,0,100,89,89,84,79,57,26,0,0,19,19,19,17,17,15,7,0,0,100,100,100,89,89,79,37,0,0,37,32,23,15,6,1,0,97,84,61,39,16,3,0,18,14,9,5,4,0,0,95,74,47,26,21,0,0,19,18,14,10,2,1,0,100,95,74,53,11,5,0,37,34,24,9,2,0,0,97,89,63,24,5,0,0,18,16,12,7,2,0,0,95,84,63,37,11,0,0,19,18,12,2,0,0,0,100,95,63,11,0,0,0,45,47,42,12.63,15.16,10.11,5.66,6.53,4.79,6.97,8.63,5.32,580,299,281,15.26,15.74,14.79,128,57,71,66,37,29,37,19,18,3.46,3.00,3.94,1.78,1.95,1.61,37,36,25,18,9,10,7,3,26,37,16,1,1,0,5,4,1,13,21,5,13,7,6,34,37,32,3,1,2,8,5,11,38,19,19,48,24,24,1.26,1.26,1.26,27,16,11,0.71,0.84,0.58,21,8,13,0.55,0.42,0.68,29,13,5,76,34,13,52,34,18,1.37,1.79,0.95,13,9,4,34,47,21,13,7,6,12,3,9,9,5,4,24,26,21,19,12,7,19,8,11
SC Corinthians Paulista,Corinthians,2023,Brazil,33355,33593,33196,73,66,81,71,74,68,4,4,5,3,43,20,23,38,19,19,10.60,9.63,11.58,236,92,144,6.21,4.84,7.58,31,29,27,24,20,16,14,7,6,15,14,12,10,7,5,5,1,0,79,74,63,53,37,26,26,5,0,16,15,15,14,13,11,9,6,6,84,79,79,74,68,57,47,32,32,30,23,18,11,7,4,2,79,61,47,28,18,11,5,15,14,11,7,5,2,1,79,74,57,37,26,11,5,15,9,7,4,2,2,1,79,47,37,21,11,11,5,33,30,25,21,12,11,9,87,79,66,55,32,28,24,16,14,9,8,3,2,1,84,74,47,42,16,11,5,17,16,16,13,9,9,8,89,84,84,68,47,47,42,38,19,19,192,93,99,208,89,119,5.05,4.89,5.21,5.47,4.68,6.26,22,19,11,22,16,14,38,36,33,29,25,17,9,0,0,100,95,87,76,66,45,24,0,0,19,19,17,16,13,8,3,0,0,100,100,89,84,68,42,16,0,0,19,17,16,13,12,9,6,0,0,100,89,84,68,63,47,32,0,0,36,33,16,7,2,2,1,95,87,42,18,5,5,3,19,16,9,5,1,1,0,100,84,47,26,5,5,0,17,17,7,2,1,1,1,89,89,37,11,5,5,5,36,28,19,10,6,2,1,95,74,50,26,16,5,3,18,16,8,4,1,1,0,95,84,42,21,5,5,0,18,12,11,6,5,1,1,95,63,57,32,26,5,5,42,37,47,10.55,12.89,8.21,5.32,6.63,4.00,5.24,6.26,4.21,472,238,234,12.42,12.53,12.32,92,56,36,55,36,19,33,17,16,2.79,3.29,2.25,1.67,2.12,1.19,33,26,14,9,6,4,2,2,11,11,11,2,1,1,4,3,1,11,16,5,12,9,3,32,47,16,6,2,4,16,11,21,38,19,19,50,33,17,1.32,1.74,0.89,26,20,6,0.68,1.05,0.32,24,13,11,0.63,0.68,0.58,27,18,5,71,47,13,51,30,21,1.34,1.58,1.11,11,7,4,28,37,21,18,9,9,9,3,6,11,10,1,28,53,5,20,8,12,18,4,14
CR Vasco da Gama,Vasco da Gama,2023,Brazil,37348,33328,45387,83,71,101,67,74,61,5,2,4,4,42,26,16,38,19,19,10.55,10.05,11.05,198,81,117,5.21,4.26,6.16,31,30,28,27,19,15,10,7,6,16,15,13,13,7,6,4,3,3,84,79,68,68,37,32,21,16,16,15,15,15,14,12,9,6,4,3,79,79,79,74,63,47,32,21,16,30,28,23,19,13,9,3,79,74,61,50,34,24,8,17,16,11,10,8,4,1,89,84,57,53,42,21,5,13,12,12,9,5,5,2,68,63,63,47,26,26,11,31,26,24,18,13,6,5,82,68,63,47,34,16,13,13,10,9,8,4,2,1,68,53,47,42,21,11,5,18,16,15,10,9,4,4,95,84,79,53,47,21,21,38,19,19,179,77,102,218,111,107,4.71,4.05,5.37,5.74,5.84,5.63,17,12,11,25,21,17,38,38,34,30,26,15,12,0,0,100,100,89,79,68,39,32,0,0,19,19,16,16,15,7,5,0,0,100,100,84,84,79,37,26,0,0,19,19,18,14,11,8,7,0,0,100,100,95,74,57,42,37,0,0,37,29,21,14,8,3,0,97,76,55,37,21,8,0,19,15,10,7,3,3,0,100,79,53,37,16,16,0,18,14,11,7,5,0,0,95,74,57,37,26,0,0,36,28,18,7,4,3,2,95,74,47,18,11,8,5,18,13,11,4,1,0,0,95,68,57,21,5,0,0,18,15,7,3,3,3,2,95,79,37,16,16,16,11,47,58,37,11.39,12.79,10,5.16,6.11,4.21,6.24,6.68,5.79,551,280,271,14.5,14.74,14.26,117,55,62,68,29,39,35,17,18,3.34,3.24,3.44,1.94,1.71,2.17,35,28,22,15,6,6,4,2,16,21,11,1,0,1,5,4,1,13,21,5,7,1,6,18,5,32,7,3,4,18,16,21,38,19,19,47,24,23,1.24,1.26,1.21,22,13,9,0.58,0.68,0.47,25,11,14,0.66,0.58,0.74,28,12,4,74,32,11,49,29,20,1.29,1.53,1.05,12,7,5,32,37,26,13,8,5,13,4,9,7,4,3,18,21,16,20,11,9,21,10,11
EC Bahia,Bahia,2023,Brazil,35658,48502,32448,68,59,81,65,81,54,4,6,3,4,54,32,22,38,19,19,10.26,10.32,10.21,181,82,99,4.76,4.32,5.21,33,32,27,20,17,11,9,7,4,17,17,13,9,8,5,5,4,2,89,89,68,47,42,26,26,21,11,16,15,14,11,9,6,4,3,2,84,79,74,57,47,32,21,16,11,33,28,22,19,13,6,6,87,74,57,50,34,16,16,18,15,13,12,7,3,3,95,79,68,63,37,16,16,15,13,9,7,6,3,3,79,68,47,37,32,16,16,29,26,21,12,9,5,3,76,68,55,32,24,13,8,15,13,10,4,3,1,0,79,68,53,21,16,5,0,14,13,11,8,6,4,3,74,68,57,42,32,21,16,37,18,19,171,85,86,205,97,108,4.62,4.72,4.53,5.54,5.39,5.68,18,12,7,25,16,13,38,38,38,33,24,13,10,0,0,100,100,100,87,63,34,26,0,0,19,19,19,17,14,11,9,0,0,100,100,100,89,74,57,47,0,0,19,19,19,16,10,2,1,0,0,100,100,100,84,53,11,5,0,0,36,29,21,12,3,2,1,95,76,55,32,8,5,3,19,15,10,6,3,2,1,100,79,53,32,16,11,5,17,14,11,6,0,0,0,89,74,57,32,0,0,0,37,32,18,8,5,1,1,97,84,47,21,13,3,3,19,18,13,7,5,1,1,100,95,68,37,26,5,5,18,14,5,1,0,0,0,95,74,26,5,0,0,0,50,68,32,12.16,13.37,10.95,5.53,5.68,5.37,6.63,7.68,5.58,548,313,235,14.42,16.47,12.37,182,99,83,53,32,21,37,18,19,4.92,5.50,4.37,1.43,1.78,1.11,37,36,32,26,20,11,7,4,28,37,21,3,0,3,6,3,3,16,16,16,5,4,1,13,21,5,7,4,3,18,21,16,38,19,19,51,25,26,1.34,1.32,1.37,22,14,8,0.58,0.74,0.42,29,11,18,0.76,0.58,0.95,29,16,5,76,42,13,45,29,16,1.18,1.53,0.84,11,8,3,28,42,16,12,5,7,15,6,9,8,4,4,21,21,21,16,10,6,23,9,14
Coritiba FBC,Coritiba,2023,Brazil,28685,0,28685,83,101,71,47,61,38,3,4,4,5,42,22,20,38,19,19,10.76,11.63,9.89,244,125,119,6.42,6.58,6.26,32,29,26,21,18,16,13,8,7,18,17,16,13,11,10,8,5,4,95,89,84,68,57,53,42,26,21,14,12,10,8,7,6,5,3,3,74,63,53,42,37,32,26,16,16,30,22,19,11,7,3,1,79,57,50,28,18,8,3,17,13,11,8,6,2,1,89,68,57,42,32,11,5,13,9,8,3,1,1,0,68,47,42,16,5,5,0,34,32,27,22,16,12,9,89,84,71,57,42,32,24,18,17,15,11,8,6,5,95,89,79,57,42,32,26,16,15,12,11,8,6,4,84,79,63,57,42,32,21,37,19,18,187,107,80,206,114,92,5.05,5.63,4.44,5.57,6.00,5.11,20,14,8,21,19,13,38,36,34,31,25,19,13,0,0,100,95,89,82,66,50,34,0,0,19,18,16,13,12,9,5,0,0,100,95,84,68,63,47,26,0,0,19,18,18,18,13,10,8,0,0,100,95,95,95,68,53,42,0,0,37,32,25,14,11,6,2,97,84,66,37,28,16,5,18,15,11,5,3,1,0,95,79,57,26,16,5,0,19,17,14,9,8,5,2,100,89,74,47,42,26,11,36,28,17,9,4,2,2,95,74,45,24,11,5,5,18,13,9,5,2,1,1,95,68,47,26,11,5,5,18,15,8,4,2,1,1,95,79,42,21,11,5,5,34,42,26,10.21,11.37,9.05,5.05,5.21,4.89,5.16,6.16,4.16,584,300,284,15.37,15.79,14.95,111,60,51,63,32,31,36,17,19,3.08,3.53,2.68,1.75,1.88,1.63,36,29,20,12,7,6,3,3,16,16,16,3,2,1,4,1,3,11,5,16,4,3,1,11,16,5,15,4,11,39,21,57,38,19,19,59,20,39,1.55,1.05,2.05,18,6,12,0.47,0.32,0.63,41,14,27,1.08,0.74,1.42,30,17,8,79,45,21,31,16,15,0.82,0.84,0.79,5,2,3,13,11,16,16,10,6,17,7,10,12,4,8,32,21,42,12,8,4,22,13,9
SC Internacional,Internacional,2023,Brazil,34757,0,34757,74,57,107,76,81,71,7,2,4,3,48,28,20,38,19,19,9.52,9.37,9.68,205,94,111,5.39,4.95,5.84,30,28,22,16,12,8,6,4,4,14,13,9,7,7,4,3,2,2,74,68,47,37,37,21,16,11,11,16,15,13,9,5,4,3,2,2,84,79,68,47,26,21,16,11,11,30,23,14,7,6,3,2,79,61,37,18,16,8,5,15,13,7,5,4,2,1,79,68,37,26,21,11,5,15,10,7,2,2,1,1,79,53,37,11,11,5,5,34,29,25,17,12,4,3,89,76,66,45,32,11,8,16,14,11,8,5,1,1,84,74,57,42,26,5,5,18,15,14,9,7,3,2,95,79,74,47,37,16,11,38,19,19,156,74,82,205,103,102,4.11,3.89,4.32,5.39,5.42,5.37,17,8,2,21,17,13,38,38,36,30,24,19,13,0,0,100,100,95,79,63,50,34,0,0,19,19,17,15,11,10,8,0,0,100,100,89,79,57,53,42,0,0,19,19,19,15,13,9,5,0,0,100,100,100,79,68,47,26,0,0,37,29,23,16,9,3,2,97,76,61,42,24,8,5,18,14,11,9,7,3,2,95,74,57,47,37,16,11,19,15,12,7,2,0,0,100,79,63,37,11,0,0,38,33,18,11,5,1,0,100,87,47,28,13,3,0,19,16,10,7,3,0,0,100,84,53,37,16,0,0,19,17,8,4,2,1,0,100,89,42,21,11,5,0,45,47,42,10.74,12.05,9.42,5.03,5.63,4.42,5.71,6.42,5.00,521,277,244,13.71,14.58,12.84,121,61,60,61,26,35,37,18,19,3.27,3.39,3.16,1.65,1.44,1.84,37,33,22,16,7,8,5,3,21,26,16,2,2,0,10,6,4,26,32,21,4,2,2,11,11,11,5,2,3,13,11,16,38,19,19,54,31,23,1.42,1.63,1.21,27,17,10,0.71,0.89,0.53,27,14,13,0.71,0.74,0.68,26,19,6,68,50,16,47,27,20,1.24,1.42,1.05,9,6,3,24,32,16,20,9,11,9,4,5,11,6,5,28,32,26,18,9,9,21,10,11
América FC - Minas Gerais,América Mineiro,2023,Brazil,39921,0,39921,81,81,81,42,45,40,3,2,4,4,34,22,12,38,19,19,10.64,9.63,11.63,232,96,136,6.11,5.05,7.16,34,33,28,25,17,14,8,7,7,15,15,14,13,8,6,2,1,1,79,79,74,68,42,32,11,5,5,19,18,14,12,9,8,6,6,6,100,95,74,63,47,42,32,32,32,26,22,18,13,12,5,2,68,57,47,34,32,13,5,14,10,8,5,5,3,2,74,53,42,26,26,16,11,12,12,10,8,7,2,0,63,63,53,42,37,11,0,33,28,23,21,18,11,8,87,74,61,55,47,28,21,15,12,9,8,5,3,2,79,63,47,42,26,16,11,18,16,14,13,13,8,6,95,84,74,68,68,42,32,38,19,19,201,94,107,200,86,114,5.29,4.95,5.63,5.26,4.53,6.00,25,19,12,22,17,13,38,35,29,23,20,16,11,0,0,100,92,76,61,53,42,28,0,0,19,17,14,10,9,8,5,0,0,100,89,74,53,47,42,26,0,0,19,18,15,13,11,8,6,0,0,100,95,79,68,57,42,32,0,0,36,28,19,10,5,2,2,95,74,50,26,13,5,5,17,13,8,6,3,2,2,89,68,42,32,16,11,11,19,15,11,4,2,0,0,100,79,57,21,11,0,0,32,24,13,10,7,1,0,84,63,34,26,18,3,0,16,11,6,4,2,1,0,84,57,32,21,11,5,0,16,13,7,6,5,0,0,84,68,37,32,26,0,0,47,42,53,11.5,12.58,10.42,5.39,5.63,5.16,6.11,6.95,5.26,546,276,270,14.37,14.53,14.21,130,62,68,62,30,32,36,18,18,3.61,3.44,3.78,1.72,1.67,1.78,36,30,22,18,12,6,3,3,16,16,16,3,2,1,3,3,0,8,16,0,9,2,7,24,11,37,13,5,8,34,26,42,38,19,19,62,34,28,1.63,1.79,1.47,19,10,9,0.50,0.53,0.47,43,24,19,1.13,1.26,1.00,33,21,7,87,55,18,33,16,17,0.87,0.84,0.89,8,4,4,21,21,21,9,4,5,21,11,10,9,5,4,24,26,21,11,4,7,23,12,11
Clube Atlético Bragantino,Bragantino,2023,Brazil,12399,0,12399,70,61,81,98,122,81,4,3,3,4,56,29,27,38,19,19,12.58,13.26,11.90,193,84,109,5.08,4.42,5.74,35,34,34,29,25,19,18,16,12,18,18,18,16,12,10,10,9,7,95,95,95,84,63,53,53,47,37,17,16,16,13,13,9,8,7,5,89,84,84,68,68,47,42,37,26,36,35,32,25,19,11,11,95,92,84,66,50,28,28,19,19,18,14,11,8,8,100,100,95,74,57,42,42,17,16,14,11,8,3,3,89,84,74,57,42,16,16,33,29,16,13,9,7,4,87,76,42,34,24,18,11,17,14,7,5,2,1,1,89,74,37,26,11,5,5,16,15,9,8,7,6,3,84,79,47,42,37,32,16,37,19,18,224,115,109,242,137,105,6.05,6.05,6.06,6.54,7.21,5.83,25,24,14,28,22,16,37,37,36,32,28,20,11,0,0,97,97,95,84,74,53,28,0,0,18,18,18,15,12,9,5,0,0,95,95,95,79,63,47,26,0,0,19,19,18,17,16,11,6,0,0,100,100,95,89,84,57,32,0,0,36,34,24,14,8,1,1,95,89,63,37,21,3,3,18,17,12,7,3,1,1,95,89,63,37,16,5,5,18,17,12,7,5,0,0,95,89,63,37,26,0,0,37,29,17,8,5,0,0,97,76,45,21,13,0,0,18,14,7,3,1,0,0,95,74,37,16,5,0,0,19,15,10,5,4,0,0,100,79,53,26,21,0,0,45,53,37,13.58,15.79,11.37,6.61,7.16,6.05,6.97,8.63,5.32,599,284,315,15.76,14.95,16.58,150,66,84,52,19,33,36,17,19,4.17,3.88,4.42,1.44,1.12,1.74,36,34,29,23,18,9,4,5,24,21,26,1,0,1,3,2,1,8,11,5,8,3,5,21,16,26,4,2,2,11,11,11,38,19,19,41,18,23,1.08,0.95,1.21,25,14,11,0.66,0.74,0.58,16,4,12,0.42,0.21,0.63,24,14,2,63,37,5,56,33,23,1.47,1.74,1.21,12,8,4,32,42,21,20,9,11,6,2,4,6,1,5,16,5,26,26,16,10,20,10,10
Goiás EC,Goiás,2023,Brazil,26359,11976,32112,95,90,101,65,68,61,4,3,6,5,44,19,25,38,19,19,11.40,10.48,12.31,232,94,138,6.11,4.95,7.26,36,34,34,27,19,13,13,10,7,18,17,17,12,8,4,4,2,2,95,89,89,63,42,21,21,11,11,18,17,17,15,11,9,9,8,5,95,89,89,79,57,47,47,42,26,33,28,22,17,10,6,4,87,74,57,45,26,16,11,19,18,13,9,4,2,1,100,95,68,47,21,11,5,14,10,9,8,6,4,3,74,53,47,42,32,21,16,34,31,27,22,17,10,4,89,82,71,57,45,26,11,15,14,12,8,6,1,0,79,74,63,42,32,5,0,19,17,15,14,11,9,4,100,89,79,74,57,47,21,38,19,19,204,94,110,229,105,124,5.37,4.95,5.79,6.03,5.53,6.53,24,19,11,26,23,18,38,37,37,35,27,22,11,0,0,100,97,97,92,71,57,28,0,0,19,19,19,18,14,13,8,0,0,100,100,100,95,74,68,42,0,0,19,18,18,17,13,9,3,0,0,100,95,95,89,68,47,16,0,0,38,33,22,13,6,1,0,100,87,57,34,16,3,0,19,17,11,8,5,1,0,100,89,57,42,26,5,0,19,16,11,5,1,0,0,100,84,57,26,5,0,0,37,34,24,11,7,4,2,97,89,63,28,18,11,5,19,18,14,6,5,3,1,100,95,74,32,26,16,5,18,16,10,5,2,1,1,95,84,53,26,11,5,5,37,21,53,11.03,11.84,10.21,4.92,5.21,4.63,6.11,6.63,5.58,637,317,320,16.76,16.68,16.84,136,60,76,85,38,47,35,17,18,3.89,3.53,4.22,2.43,2.24,2.61,35,32,26,19,12,6,4,2,16,21,11,4,2,2,2,2,0,5,11,0,8,4,4,21,21,21,7,2,5,18,11,26,38,19,19,47,24,23,1.24,1.26,1.21,17,10,7,0.45,0.53,0.37,30,14,16,0.79,0.74,0.84,28,12,4,74,32,11,39,23,16,1.03,1.21,0.84,8,5,3,21,26,16,15,8,7,15,6,9,8,4,4,21,21,21,17,10,7,23,10,13
Cuiabá EC,Cuiabá,2023,Brazil,16032,16032,0,86,74,101,87,78,101,3,3,4,2,45,24,21,38,19,19,9.89,10.11,9.68,189,78,111,4.97,4.11,5.84,35,32,24,20,13,8,6,6,3,17,14,12,11,8,5,4,4,2,89,74,63,57,42,26,21,21,11,18,18,12,9,5,3,2,2,1,95,95,63,47,26,16,11,11,5,29,26,20,14,8,6,6,76,68,53,37,21,16,16,15,15,14,10,7,5,5,79,79,74,53,37,26,26,14,11,6,4,1,1,1,74,57,32,21,5,5,5,30,30,23,14,9,5,4,79,79,61,37,24,13,11,12,12,11,4,2,2,2,63,63,57,21,11,11,11,18,18,12,10,7,3,2,95,95,63,53,37,16,11,37,19,18,170,91,79,194,101,93,4.59,4.79,4.39,5.24,5.32,5.17,17,12,7,22,16,13,38,38,34,27,23,19,14,0,0,100,100,89,71,61,50,37,0,0,19,19,17,13,10,8,6,0,0,100,100,89,68,53,42,32,0,0,19,19,17,14,13,11,8,0,0,100,100,89,74,68,57,42,0,0,35,28,19,7,4,0,0,92,74,50,18,11,0,0,17,12,6,2,1,0,0,89,63,32,11,5,0,0,18,16,13,5,3,0,0,95,84,68,26,16,0,0,36,32,21,12,10,3,0,95,84,55,32,26,8,0,18,17,12,6,5,2,0,95,89,63,32,26,11,0,18,15,9,6,5,1,0,95,79,47,32,26,5,0,42,47,37,10.03,11.42,8.63,4.68,5.37,4.00,5.34,6.05,4.63,475,221,254,12.5,11.63,13.37,142,71,71,77,42,35,38,19,19,3.74,3.74,3.74,2.03,2.21,1.84,38,33,26,19,10,5,2,3,13,11,16,0,0,0,4,2,2,11,11,11,6,5,1,16,26,5,3,1,2,8,5,11,38,19,19,50,31,19,1.32,1.63,1.00,26,15,11,0.68,0.79,0.58,24,16,8,0.63,0.84,0.42,31,14,5,82,37,13,49,22,27,1.29,1.16,1.42,13,6,7,34,32,37,10,4,6,15,9,6,4,3,1,11,16,5,19,7,12,22,11,11
Fortaleza EC,Fortaleza,2023,Brazil,36195,32690,39699,76,61,101,78,86,71,4,3,3,3,49,27,22,38,19,19,10.42,10.26,10.58,206,83,123,5.42,4.37,6.47,33,29,29,23,17,13,9,8,5,16,15,15,12,9,6,4,3,1,84,79,79,63,47,32,21,16,5,17,14,14,11,8,7,5,5,4,89,74,74,57,42,37,26,26,21,30,25,18,15,11,8,5,79,66,47,39,28,21,13,17,15,10,9,8,7,4,89,79,53,47,42,37,21,13,10,8,6,3,1,1,68,53,42,32,16,5,5,29,25,23,15,13,9,8,76,66,61,39,34,24,21,13,10,9,6,5,3,2,68,53,47,32,26,16,11,16,15,14,9,8,6,6,84,79,74,47,42,32,32,36,19,17,175,93,82,197,102,95,4.86,4.89,4.82,5.47,5.37,5.59,18,13,8,22,18,11,38,37,35,26,21,17,11,0,0,100,97,92,68,55,45,28,0,0,19,19,19,12,9,7,3,0,0,100,100,100,63,47,37,16,0,0,19,18,16,14,12,10,8,0,0,100,95,84,74,63,53,42,0,0,35,30,16,8,4,2,0,92,79,42,21,11,5,0,18,13,5,1,1,0,0,95,68,26,5,5,0,0,17,17,11,7,3,2,0,89,89,57,37,16,11,0,37,29,23,12,4,2,0,97,76,61,32,11,5,0,19,15,12,6,2,1,0,100,79,63,32,11,5,0,18,14,11,6,2,1,0,95,74,57,32,11,5,0,50,58,42,12.26,14.05,10.47,6.16,6.84,5.47,6.11,7.21,5.00,514,270,244,13.53,14.21,12.84,135,70,65,84,47,37,37,19,18,3.65,3.68,3.61,2.27,2.47,2.06,37,33,21,19,14,7,5,2,18,26,11,1,1,0,8,5,3,21,26,16,6,4,2,16,21,11,4,0,4,11,0,21,38,19,19,53,29,24,1.39,1.53,1.26,26,17,9,0.68,0.89,0.47,27,12,15,0.71,0.63,0.79,30,17,5,79,45,13,42,27,15,1.11,1.42,0.79,9,7,2,24,37,11,15,6,9,14,6,8,10,5,5,26,26,26,15,9,6,21,9,12
